transaction_id,monto_total
T00001,375.46999999999997
T00002,416.51
T00003,433.99
T00004,27.77
T00005,486.53999999999996
T00006,563.51
T00007,480.65999999999997
T00008,621.14
T00009,673.79
T00010,442.6
T00011,457.03
T00012,27.89
T00013,92.74
T00014,162.74
T00015,208.23000000000002
T00016,607.21
T00017,178.72
T00018,481.63
T00019,755.34
T00020,365.19
T00021,369.03
T00022,358.37
T00023,395.54
T00024,657.21
T00025,623.25
T00026,97.27
T00027,432.32000000000005
T00028,152.06
T00029,141.68
T00030,112.61
T00031,683.4000000000001
T00032,410.27
T00033,149.48999999999998
T00034,367.86
T00035,332.67
T00036,436.91999999999996
T00037,607.67
T00038,576.87
T00039,459.57000000000005
T00040,162.02
T00041,538.12
T00042,415.63
T00043,551.67
T00044,282.23
T00045,460.11
T00046,201.72
T00047,685.31
T00048,75.12
T00049,112.61
T00050,368.49
T00051,520.1600000000001
T00052,544.58
T00053,718.7
T00054,31.24
T00055,217.14
T00056,191.33
T00057,584.05
T00058,471.58
T00059,302.05
T00060,584.12
T00061,489.94
T00062,508.88
T00063,628.02
T00064,140.25
T00065,68.09
T00066,37.81
T00067,364.76
T00068,740.51
T00069,334.58
T00070,464.44
T00071,429.4
T00072,215.37
T00073,371.78999999999996
T00074,354.61
T00075,387.51
T00076,240.82
T00077,180.7
T00078,191.82
T00079,130.22
T00080,500.43
T00081,266.8
T00082,285.86
T00083,36.41
T00084,563.34
T00085,216.17
T00086,84.64
T00087,258.05
T00088,135.54
T00089,240.99
T00090,658.02
T00091,462.36
T00092,74.98
T00093,209.38
T00094,150.32
T00095,162.74
T00096,504.47
T00097,262.91
T00098,563.12
T00099,184.96
T00100,191.33
T00101,108.49
T00102,95.62
T00103,353.39
T00104,686.24
T00105,532.71
T00106,344.12
T00107,597.77
T00108,770.5
T00109,301.41999999999996
T00110,581.49
T00111,202.88
T00112,468.74
T00113,228.48000000000002
T00114,323.47
T00115,796.38
T00116,57.04
T00117,421.1
T00118,315.91
T00119,395.82
T00120,114.69
T00121,589.49
T00122,385.25
T00123,368.44
T00124,353.44
T00125,132.58
T00126,846.23
T00127,460.82
T00128,564.9200000000001
T00129,370.65
T00130,124.15
T00131,280.51
T00132,139.89999999999998
T00133,224.07999999999998
T00134,403.59
T00135,382.25
T00136,43.82
T00137,68.09
T00138,516.72
T00139,593.36
T00140,306.23
T00141,347.82
T00142,172.24
T00143,103.28
T00144,493.51
T00145,459.33000000000004
T00146,293.51
T00147,139.44
T00148,398.89
T00149,373.75
T00150,440.37
T00151,67.49
T00152,395.47
T00153,592.72
T00154,598.76
T00155,488.75
T00156,368.85
T00157,275.99
T00158,345.7
T00159,474.78
T00160,273.62
T00161,244.79000000000002
T00162,67.49
T00163,373.82
T00164,366.25
T00165,142.32999999999998
T00166,134.14
T00167,44.77
T00168,84.64
T00169,130.64
T00170,195.17
T00171,132.58
T00172,539.19
T00173,595.0699999999999
T00174,542.19
T00175,728.44
T00176,494.44
T00177,206.61
T00178,57.04
T00179,156.39999999999998
T00180,629.36
T00181,275.0
T00182,405.95000000000005
T00183,165.45
T00184,201.93
T00185,262.52
T00186,510.81
T00187,176.57999999999998
T00188,203.79
T00189,339.14
T00190,202.53
T00191,633.27
T00192,38.77
T00193,772.71
T00194,64.37
T00195,139.89999999999998
T00196,227.98
T00197,439.58000000000004
T00198,181.12
T00199,698.48
T00200,150.60999999999999
T00201,35.89
T00202,195.75
T00203,97.27
T00204,512.21
T00205,224.21
T00206,193.13
T00207,707.63
T00208,788.0500000000001
T00209,110.18
T00210,169.77999999999997
T00211,825.94
T00212,686.6700000000001
T00213,189.49
T00214,895.3399999999999
T00215,17.54
T00216,538.48
T00217,27.77
T00218,626.24
T00219,338.57
T00220,708.26
T00221,72.3
T00222,488.25
T00223,319.46999999999997
T00224,200.18
T00225,263.4
T00226,599.3000000000001
T00227,383.02
T00228,304.53999999999996
T00229,570.2
T00230,691.7
T00231,75.12
T00232,311.15
T00233,139.17000000000002
T00234,674.45
T00235,27.89
T00236,108.27000000000001
T00237,475.62
T00238,571.49
T00239,259.98
T00240,350.61
T00241,654.97
T00242,88.04
T00243,629.0899999999999
T00244,320.11
T00245,11.33
T00246,720.04
T00247,613.53
T00248,616.11
T00249,586.6700000000001
T00250,279.6
T00251,516.44
T00252,542.64
T00253,715.37
T00254,448.74
T00255,152.74
T00256,541.49
T00257,400.34
T00258,356.65999999999997
T00259,459.40000000000003
T00260,580.37
T00261,717.8
T00262,343.23
T00263,185.11
T00264,656.35
T00265,834.73
T00266,712.3
T00267,94.96000000000001
T00268,694.3
T00269,59.92
T00270,112.51
T00271,112.51
T00272,527.45
T00273,236.3
T00274,637.96
T00275,711.45
T00276,517.06
T00277,195.1
T00278,489.5
T00279,227.82
T00280,750.72
T00281,239.95
T00282,407.94
T00283,92.18
T00284,89.09
T00285,195.34
T00286,325.27
T00287,649.21
T00288,132.58
T00289,608.65
T00290,447.8
T00291,549.11
T00292,517.23
T00293,243.10999999999999
T00294,162.74
T00295,487.26
T00296,312.57
T00297,167.82000000000002
T00298,360.9
T00299,554.95
T00300,528.51
T00301,417.24
T00302,556.89
T00303,95.62
T00304,97.27
T00305,620.46
T00306,556.46
T00307,719.1600000000001
T00308,367.39
T00309,84.19
T00310,162.02
T00311,639.46
T00312,391.48
T00313,152.32
T00314,596.5699999999999
T00315,503.14
T00316,366.53
T00317,521.15
T00318,657.98
T00319,116.88
T00320,162.02
T00321,636.2
T00322,22.35
T00323,38.7
T00324,388.90999999999997
T00325,401.35
T00326,63.31
T00327,765.98
T00328,342.47
T00329,205.71
T00330,414.43
T00331,222.93
T00332,454.26
T00333,390.92
T00334,400.63
T00335,440.86
T00336,330.82
T00337,768.69
T00338,150.36
T00339,382.05
T00340,340.0
T00341,817.64
T00342,486.40999999999997
T00343,580.95
T00344,224.88
T00345,612.76
T00346,674.85
T00347,95.62
T00348,201.69
T00349,364.05
T00350,565.01
T00351,694.74
T00352,407.86
T00353,162.02
T00354,442.41
T00355,387.48
T00356,514.94
T00357,407.21000000000004
T00358,528.09
T00359,508.88
T00360,148.94
T00361,527.53
T00362,195.34
T00363,420.11
T00364,315.90999999999997
T00365,57.69
T00366,600.99
T00367,408.46000000000004
T00368,657.46
T00369,112.61
T00370,742.65
T00371,250.7
T00372,524.97
T00373,439.9
T00374,71.71000000000001
T00375,192.59
T00376,385.27
T00377,400.26
T00378,739.23
T00379,509.42
T00380,713.1600000000001
T00381,559.22
T00382,79.54
T00383,575.37
T00384,110.18
T00385,362.94
T00386,318.51
T00387,243.23
T00388,291.62
T00389,255.1
T00390,424.24
T00391,546.14
T00392,365.64
T00393,645.72
T00394,27.77
T00395,132.58
T00396,717.2
T00397,529.75
T00398,757.55
T00399,38.77
T00400,488.34999999999997
T00401,653.04
T00402,654.5600000000001
T00403,220.35
T00404,170.49
T00405,662.56
T00406,79.54
T00407,670.19
T00408,108.49
T00409,291.17
T00410,401.95
T00411,91.03
T00412,770.01
T00413,354.02
T00414,102.18
T00415,210.42000000000002
T00416,540.2
T00417,137.76
T00418,70.02000000000001
T00419,485.69
T00420,38.77
T00421,722.94
T00422,447.43
T00423,95.62
T00424,464.63
T00425,379.15
T00426,179.65
T00427,74.44
T00428,409.73
T00429,641.46
T00430,195.03
T00431,57.04
T00432,404.1
T00433,139.44
T00434,95.62
T00435,235.54000000000002
T00436,444.4
T00437,524.72
T00438,178.72
T00439,64.91
T00440,304.85
T00441,261.38
T00442,252.13
T00443,243.23
T00444,67.49
T00445,230.99
T00446,36.41
T00447,412.96000000000004
T00448,252.38
T00449,316.3
T00450,417.88
T00451,653.3
T00452,424.42999999999995
T00453,471.85
T00454,473.95
T00455,321.97
T00456,387.39
T00457,395.36
T00458,607.75
T00459,250.73000000000002
T00460,44.77
T00461,483.99
T00462,393.86
T00463,475.71000000000004
T00464,304.35
T00465,259.53
T00466,401.05
T00467,246.85
T00468,438.35
T00469,299.78000000000003
T00470,625.73
T00471,447.19000000000005
T00472,636.54
T00473,646.58
T00474,303.08000000000004
T00475,252.05
T00476,364.03000000000003
T00477,475.56
T00478,266.90999999999997
T00479,20.85
T00480,432.25
T00481,47.739999999999995
T00482,555.05
T00483,525.98
T00484,472.03
T00485,196.3
T00486,351.56
T00487,220.10000000000002
T00488,597.2
T00489,85.58
T00490,217.14
T00491,289.87
T00492,129.34
T00493,64.7
T00494,666.49
T00495,179.65
T00496,66.22999999999999
T00497,291.95
T00498,467.40999999999997
T00499,350.4
T00500,11.67
T00501,143.91000000000003
T00502,665.75
T00503,457.27
T00504,745.83
T00505,408.73
T00506,538.58
T00507,534.77
T00508,243.23
T00509,926.3499999999999
T00510,123.33
T00511,462.96000000000004
T00512,57.69
T00513,696.5300000000001
T00514,276.88
T00515,123.8
T00516,373.85
T00517,216.58
T00518,805.09
T00519,418.88
T00520,203.53
T00521,347.59000000000003
T00522,246.56
T00523,54.78
T00524,231.20999999999998
T00525,770.71
T00526,183.41000000000003
T00527,250.14999999999998
T00528,360.56
T00529,960.53
T00530,639.43
T00531,428.99
T00532,556.11
T00533,355.19000000000005
T00534,289.75
T00535,97.27
T00536,465.87
T00537,443.57000000000005
T00538,232.57
T00539,558.22
T00540,608.29
T00541,534.5799999999999
T00542,542.32
T00543,503.0
T00544,553.33
T00545,383.92
T00546,69.83
T00547,574.8100000000001
T00548,74.22
T00549,245.04000000000002
T00550,466.0
T00551,159.59
T00552,358.46
T00553,97.27
T00554,544.09
T00555,403.9
T00556,277.55
T00557,38.7
T00558,201.78
T00559,419.28000000000003
T00560,225.06
T00561,536.13
T00562,64.7
T00563,312.51
T00564,589.83
T00565,386.28999999999996
T00566,155.89
T00567,411.8
T00568,218.20999999999998
T00569,262.45
T00570,70.43
T00571,28.48
T00572,279.14
T00573,568.19
T00574,423.47
T00575,231.56
T00576,200.5
T00577,179.65
T00578,147.19
T00579,206.63
T00580,326.07
T00581,539.35
T00582,127.47
T00583,597.61
T00584,178.21
T00585,422.87
T00586,246.85
T00587,378.06
T00588,235.96
T00589,466.07
T00590,428.92999999999995
T00591,311.31
T00592,25.25
T00593,60.019999999999996
T00594,263.24
T00595,325.63
T00596,350.20000000000005
T00597,91.03
T00598,373.79
T00599,188.51999999999998
T00600,240.33
T00601,273.19
T00602,112.51
T00603,123.97
T00604,231.68
T00605,227.82
T00606,710.95
T00607,345.45
T00608,239.64999999999998
T00609,196.29000000000002
T00610,84.64
T00611,166.44
T00612,129.61
T00613,250.31
T00614,79.54
T00615,427.23
T00616,1014.4300000000001
T00617,202.53
T00618,571.9300000000001
T00619,182.3
T00620,675.11
T00621,134.51
T00622,581.81
T00623,225.06
T00624,422.9
T00625,410.0
T00626,130.64
T00627,479.35
T00628,682.69
T00629,318.63
T00630,492.4
T00631,289.24
T00632,88.92999999999999
T00633,610.71
T00634,817.89
T00635,765.04
T00636,596.53
T00637,259.96
T00638,392.20000000000005
T00639,639.04
T00640,474.38
T00641,436.81
T00642,217.38
T00643,300.18
T00644,127.52
T00645,64.91
T00646,636.8199999999999
T00647,244.26999999999998
T00648,144.71
T00649,261.90999999999997
T00650,113.6
T00651,863.32
T00652,25.25
T00653,192.59
T00654,208.9
T00655,563.04
T00656,510.81
T00657,442.25
T00658,57.04
T00659,220.14
T00660,287.83000000000004
T00661,202.88
T00662,507.96999999999997
T00663,550.51
T00664,266.13
T00665,166.32
T00666,236.3
T00667,542.98
T00668,181.18
T00669,408.08
T00670,586.3199999999999
T00671,684.77
T00672,132.06
T00673,489.37
T00674,816.5
T00675,97.27
T00676,503.99
T00677,421.34000000000003
T00678,90.03
T00679,269.69
T00680,243.8
T00681,561.05
T00682,369.86
T00683,197.49
T00684,602.95
T00685,20.85
T00686,458.19
T00687,563.3
T00688,273.23
T00689,660.4
T00690,216.20000000000002
T00691,70.43
T00692,281.40999999999997
T00693,88.04
T00694,160.32
T00695,86.32
T00696,279.61
T00697,771.83
T00698,519.42
T00699,342.73
T00700,152.73000000000002
T00701,123.36000000000001
T00702,299.12
T00703,337.34000000000003
T00704,423.46
T00705,27.77
T00706,784.6600000000001
T00707,256.3
T00708,579.65
T00709,436.28999999999996
T00710,658.24
T00711,363.99
T00712,348.74
T00713,727.41
T00714,173.21
T00715,654.48
T00716,272.75
T00717,319.9
T00718,244.57
T00719,132.06
T00720,703.24
T00721,488.29999999999995
T00722,400.40999999999997
T00723,281.74
T00724,505.32
T00725,151.23
T00726,277.23
T00727,849.75
T00728,216.58
T00729,498.62
T00730,356.11
T00731,583.45
T00732,306.34000000000003
T00733,522.24
T00734,412.96
T00735,113.16
T00736,87.25999999999999
T00737,523.87
T00738,687.53
T00739,375.32
T00740,328.28000000000003
T00741,246.56
T00742,243.23
T00743,135.11
T00744,412.62
T00745,649.98
T00746,325.63
T00747,195.1
T00748,340.22
T00749,578.06
T00750,162.74
T00751,192.59
T00752,217.14
T00753,385.03999999999996
T00754,318.53
T00755,302.99
T00756,134.51
T00757,820.29
T00758,205.71
T00759,443.96
T00760,604.19
T00761,438.47
T00762,542.69
T00763,635.28
T00764,585.6800000000001
T00765,802.45
T00766,653.61
T00767,425.81
T00768,621.27
T00769,498.75
T00770,595.98
T00771,487.51
T00772,122.45
T00773,28.48
T00774,680.26
T00775,211.75
T00776,370.46000000000004
T00777,114.25
T00778,271.71
T00779,87.25999999999999
T00780,511.65999999999997
T00781,438.87
T00782,88.04
T00783,154.32999999999998
T00784,323.36
T00785,230.52999999999997
T00786,848.6700000000001
T00787,411.26
T00788,57.69
T00789,103.28
T00790,223.5
T00791,310.97
T00792,424.46000000000004
T00793,28.48
T00794,398.82
T00795,306.78
T00796,171.15
T00797,195.51
T00798,156.3
T00799,188.75
T00800,177.21
T00801,482.41
T00802,494.76
T00803,452.17
T00804,894.21
T00805,308.65
T00806,252.67000000000002
T00807,406.37
T00808,567.65
T00809,379.08
T00810,492.28999999999996
T00811,267.78999999999996
T00812,89.42
T00813,136.56
T00814,400.91
T00815,313.58
T00816,515.53
T00817,617.05
T00818,676.9100000000001
T00819,548.88
T00820,185.11
T00821,110.18
T00822,135.46
T00823,178.72
T00824,171.28000000000003
T00825,215.87999999999997
T00826,203.79
T00827,506.40000000000003
T00828,97.27
T00829,241.39
T00830,157.83
T00831,747.28
T00832,382.53999999999996
T00833,662.55
T00834,114.61
T00835,57.04
T00836,751.82
T00837,243.23
T00838,517.79
T00839,487.22
T00840,243.23
T00841,948.84
T00842,269.63
T00843,368.15999999999997
T00844,406.84
T00845,227.82
T00846,384.01
T00847,603.9499999999999
T00848,416.34000000000003
T00849,263.03
T00850,161.73000000000002
T00851,449.09000000000003
T00852,87.57
T00853,342.06
T00854,399.38
T00855,261.1
T00856,524.24
T00857,162.74
T00858,84.64
T00859,525.75
T00860,415.18
T00861,322.3
T00862,127.98
T00863,400.26
T00864,508.56
T00865,185.11
T00866,560.25
T00867,466.28
T00868,623.99
T00869,365.43
T00870,641.46
T00871,246.85
T00872,599.4399999999999
T00873,126.34
T00874,362.01
T00875,291.34000000000003
T00876,163.01
T00877,31.24
T00878,475.04
T00879,159.59
T00880,645.13
T00881,781.07
T00882,369.33
T00883,782.71
T00884,137.92000000000002
T00885,328.34000000000003
T00886,239.48999999999998
T00887,751.25
T00888,668.15
T00889,246.85
T00890,114.41
T00891,203.95
T00892,957.95
T00893,396.93
T00894,192.51000000000002
T00895,186.85
T00896,95.62
T00897,25.25
T00898,162.98999999999998
T00899,705.14
T00900,693.59
T00901,64.7
T00902,346.99
T00903,677.1600000000001
T00904,110.18
T00905,313.27
T00906,403.35
T00907,522.62
T00908,530.63
T00909,724.81
T00910,408.72
T00911,25.25
T00912,356.58
T00913,643.53
T00914,126.11
T00915,240.0
T00916,246.55
T00917,647.09
T00918,11.67
T00919,446.69
T00920,442.31
T00921,724.15
T00922,240.43
T00923,459.35
T00924,286.39
T00925,205.71
T00926,536.3199999999999
T00927,494.48
T00928,586.38
T00929,477.71999999999997
T00930,151.57
T00931,70.43
T00932,646.52
T00933,381.35
T00934,355.32
T00935,548.99
T00936,275.95
T00937,132.58
T00938,334.94000000000005
T00939,732.3199999999999
T00940,724.9
T00941,480.48
T00942,993.62
T00943,372.0
T00944,664.02
T00945,305.14
T00946,214.44
T00947,11.33
T00948,446.98
T00949,428.0
T00950,628.86
T00951,246.56
T00952,11.33
T00953,362.31
T00954,819.04
T00955,417.61
T00956,170.95999999999998
T00957,227.98
T00958,226.37
T00959,599.6700000000001
T00960,423.22
T00961,343.61
T00962,575.25
T00963,220.82999999999998
T00964,305.54
T00965,616.8
T00966,569.57
T00967,93.18
T00968,538.3100000000001
T00969,407.49
T00970,25.25
T00971,18.85
T00972,69.05
T00973,381.59000000000003
T00974,216.58
T00975,82.21
T00976,123.33
T00977,191.33
T00978,364.76
T00979,767.25
T00980,650.8199999999999
T00981,209.02999999999997
T00982,807.89
T00983,543.14
T00984,427.41999999999996
T00985,532.86
T00986,139.44
T00987,376.17
T00988,248.07
T00989,574.46
T00990,379.47
T00991,159.59
T00992,455.78999999999996
T00993,276.2
T00994,144.71
T00995,950.26
T00996,268.59000000000003
T00997,844.46
T00998,282.76
T00999,662.99
T01000,559.6899999999999
T01001,110.18
T01002,22.35
T01003,225.2
T01004,271.12
T01005,356.54
T01006,88.04
T01007,95.86
T01008,202.95
T01009,437.64
T01010,340.05
T01011,43.82
T01012,724.6700000000001
T01013,392.19
T01014,216.07999999999998
T01015,269.03999999999996
T01016,370.55
T01017,747.1800000000001
T01018,322.40999999999997
T01019,452.88
T01020,659.49
T01021,11.67
T01022,260.65
T01023,334.01
T01024,427.67
T01025,464.4
T01026,493.40000000000003
T01027,178.44
T01028,139.44
T01029,671.5799999999999
T01030,443.22
T01031,486.37
T01032,203.0
T01033,93.88
T01034,103.28
T01035,48.69
T01036,372.83
T01037,590.13
T01038,184.96
T01039,192.59
T01040,219.63
T01041,211.08
T01042,544.91
T01043,522.6899999999999
T01044,44.77
T01045,548.28
T01046,239.29
T01047,162.02
T01048,590.9
T01049,11.67
T01050,355.45
T01051,281.49
T01052,307.85
T01053,520.39
T01054,543.77
T01055,429.02
T01056,365.64
T01057,321.68
T01058,27.77
T01059,280.26
T01060,438.57000000000005
T01061,179.65
T01062,408.0
T01063,27.77
T01064,508.54
T01065,248.62
T01066,506.67
T01067,534.21
T01068,225.77999999999997
T01069,95.81
T01070,63.31
T01071,274.76
T01072,328.75
T01073,181.18
T01074,564.63
T01075,651.02
T01076,380.74
T01077,187.27
T01078,112.51
T01079,220.07
T01080,195.1
T01081,541.38
T01082,747.45
T01083,645.27
T01084,82.21
T01085,186.38
T01086,553.0
T01087,447.82000000000005
T01088,376.37
T01089,193.16
T01090,88.04
T01091,84.64
T01092,208.88
T01093,38.7
T01094,755.59
T01095,384.11
T01096,112.51
T01097,380.47
T01098,228.48000000000002
T01099,535.88
T01100,637.92
T01101,520.99
T01102,199.49
T01103,523.8199999999999
T01104,719.26
T01105,349.84000000000003
T01106,477.12
T01107,289.12
T01108,384.6
T01109,184.96
T01110,438.34
T01111,321.97
T01112,756.63
T01113,333.89
T01114,614.18
T01115,778.09
T01116,63.31
T01117,727.86
T01118,508.65
T01119,44.77
T01120,314.18
T01121,82.55
T01122,844.55
T01123,162.83
T01124,393.62
T01125,557.3
T01126,187.29999999999998
T01127,31.24
T01128,496.65999999999997
T01129,593.12
T01130,607.38
T01131,504.04999999999995
T01132,305.2
T01133,369.4
T01134,324.67
T01135,670.13
T01136,359.84
T01137,256.24
T01138,17.54
T01139,483.59000000000003
T01140,606.32
T01141,139.44
T01142,288.0
T01143,460.1
T01144,266.02
T01145,435.54999999999995
T01146,225.06
T01147,667.26
T01148,414.27
T01149,217.14
T01150,78.36
T01151,381.94
T01152,676.26
T01153,354.61
T01154,239.64999999999998
T01155,89.42
T01156,371.15999999999997
T01157,356.27
T01158,467.28000000000003
T01159,210.34
T01160,570.1800000000001
T01161,331.92
T01162,452.77
T01163,352.12
T01164,382.74
T01165,406.71000000000004
T01166,398.97
T01167,244.89000000000001
T01168,574.0600000000001
T01169,350.77
T01170,371.09000000000003
T01171,176.16
T01172,22.35
T01173,365.90999999999997
T01174,641.71
T01175,223.72
T01176,69.83
T01177,456.91
T01178,179.65
T01179,611.7
T01180,78.36
T01181,567.97
T01182,233.15
T01183,209.63
T01184,93.53999999999999
T01185,295.31
T01186,707.35
T01187,545.6700000000001
T01188,441.81
T01189,753.5899999999999
T01190,159.59
T01191,132.58
T01192,231.85000000000002
T01193,554.72
T01194,637.72
T01195,514.69
T01196,426.66999999999996
T01197,395.36
T01198,276.67
T01199,511.38
T01200,35.89
T01201,199.35999999999999
T01202,551.97
T01203,668.03
T01204,397.90999999999997
T01205,518.46
T01206,627.21
T01207,91.03
T01208,625.79
T01209,493.40999999999997
T01210,254.79000000000002
T01211,476.67
T01212,581.54
T01213,337.22
T01214,422.12
T01215,129.34
T01216,811.4599999999999
T01217,376.41
T01218,43.82
T01219,95.98
T01220,429.4
T01221,730.02
T01222,112.51
T01223,394.98
T01224,403.56
T01225,449.09000000000003
T01226,67.49
T01227,384.52
T01228,676.55
T01229,541.82
T01230,322.5
T01231,350.28999999999996
T01232,298.03000000000003
T01233,841.28
T01234,481.5
T01235,537.0699999999999
T01236,610.48
T01237,514.09
T01238,351.64
T01239,234.12
T01240,79.54
T01241,264.24
T01242,123.81
T01243,750.9300000000001
T01244,445.20000000000005
T01245,262.53000000000003
T01246,261.89
T01247,178.72
T01248,121.34
T01249,360.98
T01250,784.1
T01251,127.47
T01252,248.94
T01253,766.5
T01254,110.18
T01255,202.53
T01256,205.71
T01257,63.31
T01258,201.07000000000002
T01259,272.58
T01260,624.37
T01261,247.65
T01262,697.49
T01263,515.9200000000001
T01264,416.15000000000003
T01265,400.74
T01266,468.07000000000005
T01267,87.57
T01268,124.13
T01269,356.5
T01270,614.77
T01271,593.59
T01272,785.52
T01273,44.77
T01274,375.98
T01275,754.88
T01276,202.53
T01277,234.09
T01278,758.0899999999999
T01279,503.12
T01280,309.1
T01281,383.34000000000003
T01282,86.32
T01283,446.12
T01284,309.89
T01285,103.28
T01286,400.79
T01287,445.07000000000005
T01288,297.47
T01289,315.95
T01290,195.1
T01291,181.18
T01292,671.7
T01293,298.25
T01294,82.55
T01295,64.91
T01296,215.32999999999998
T01297,242.0
T01298,118.12
T01299,127.47
T01300,407.67
T01301,556.9300000000001
T01302,156.33
T01303,195.63
T01304,555.83
T01305,714.27
T01306,240.99
T01307,361.85
T01308,163.44
T01309,203.79
T01310,417.25
T01311,513.33
T01312,382.70000000000005
T01313,360.24
T01314,246.56
T01315,1008.8
T01316,115.65
T01317,79.54
T01318,425.85
T01319,623.06
T01320,132.58
T01321,272.32
T01322,586.32
T01323,95.94
T01324,428.0
T01325,307.23
T01326,957.22
T01327,463.18999999999994
T01328,17.54
T01329,735.2
T01330,67.18
T01331,317.69000000000005
T01332,305.77
T01333,275.95
T01334,466.41999999999996
T01335,493.96
T01336,236.3
T01337,48.69
T01338,103.28
T01339,887.29
T01340,88.04
T01341,108.66
T01342,591.73
T01343,301.48
T01344,172.2
T01345,422.44
T01346,192.59
T01347,362.33
T01348,560.65
T01349,112.51
T01350,729.72
T01351,235.74
T01352,86.32
T01353,291.33
T01354,615.47
T01355,460.6
T01356,564.34
T01357,298.47
T01358,413.97
T01359,378.91
T01360,242.0
T01361,420.58
T01362,344.65999999999997
T01363,549.82
T01364,198.31
T01365,178.44
T01366,584.34
T01367,502.26
T01368,460.82000000000005
T01369,203.79
T01370,43.82
T01371,84.64
T01372,493.80999999999995
T01373,306.2
T01374,548.83
T01375,192.89
T01376,518.09
T01377,461.32000000000005
T01378,78.36
T01379,545.88
T01380,300.18
T01381,758.74
T01382,92.8
T01383,487.93
T01384,417.1
T01385,308.74
T01386,442.94
T01387,351.4
T01388,35.89
T01389,263.86
T01390,492.95000000000005
T01391,409.15999999999997
T01392,78.53999999999999
T01393,483.7
T01394,193.95
T01395,742.31
T01396,469.14
T01397,657.7
T01398,99.21000000000001
T01399,462.15999999999997
T01400,97.64999999999999
T01401,112.37
T01402,280.47
T01403,306.15999999999997
T01404,320.95
T01405,616.03
T01406,601.98
T01407,332.7
T01408,761.7
T01409,624.35
T01410,254.79000000000002
T01411,132.58
T01412,547.84
T01413,129.34
T01414,54.870000000000005
T01415,67.49
T01416,804.85
T01417,815.91
T01418,159.59
T01419,138.78
T01420,432.0
T01421,758.12
T01422,468.85
T01423,450.51
T01424,407.36
T01425,36.41
T01426,299.37
T01427,464.8
T01428,603.38
T01429,422.1
T01430,347.78
T01431,468.28999999999996
T01432,403.09000000000003
T01433,202.5
T01434,84.64
T01435,205.89000000000001
T01436,126.03
T01437,178.72
T01438,616.62
T01439,348.99
T01440,519.1899999999999
T01441,428.2
T01442,276.86
T01443,130.64
T01444,321.4
T01445,359.49
T01446,267.17
T01447,132.58
T01448,291.70000000000005
T01449,221.48000000000002
T01450,181.57999999999998
T01451,208.9
T01452,222.93
T01453,368.11
T01454,487.28
T01455,171.87
T01456,655.23
T01457,578.51
T01458,280.63
T01459,594.39
T01460,243.87
T01461,427.20000000000005
T01462,68.09
T01463,158.87
T01464,236.3
T01465,556.56
T01466,135.0
T01467,17.54
T01468,438.47
T01469,530.74
T01470,479.52
T01471,429.43
T01472,507.93
T01473,308.17
T01474,544.95
T01475,129.34
T01476,449.38
T01477,662.94
T01478,542.69
T01479,195.03
T01480,761.62
T01481,474.06
T01482,599.81
T01483,557.51
T01484,241.76
T01485,217.14
T01486,379.23
T01487,27.89
T01488,239.57999999999998
T01489,195.1
T01490,402.28
T01491,512.73
T01492,446.11
T01493,69.83
T01494,243.23
T01495,401.49
T01496,529.97
T01497,48.620000000000005
T01498,512.36
T01499,638.79
T01500,592.5899999999999
T01501,104.5
T01502,468.97
T01503,814.42
T01504,335.4
T01505,167.73
T01506,27.770000000000003
T01507,243.63
T01508,258.82
T01509,474.53999999999996
T01510,135.41
T01511,148.88
T01512,227.22000000000003
T01513,362.86
T01514,128.51
T01515,75.12
T01516,115.65
T01517,446.03000000000003
T01518,57.69
T01519,497.18
T01520,79.54
T01521,594.24
T01522,163.36
T01523,652.45
T01524,921.89
T01525,157.18
T01526,583.26
T01527,191.33
T01528,555.54
T01529,383.0
T01530,325.9
T01531,156.3
T01532,685.96
T01533,144.2
T01534,541.7
T01535,87.57
T01536,387.49
T01537,116.19
T01538,513.74
T01539,273.11
T01540,303.68
T01541,631.6600000000001
T01542,311.02
T01543,202.53
T01544,216.58
T01545,213.95999999999998
T01546,383.48
T01547,357.64
T01548,646.6
T01549,447.56
T01550,385.34000000000003
T01551,418.90999999999997
T01552,134.51
T01553,185.11
T01554,27.77
T01555,742.8
T01556,534.08
T01557,430.14
T01558,559.64
T01559,56.440000000000005
T01560,79.16
T01561,179.29
T01562,314.13
T01563,123.33
T01564,323.69
T01565,488.47
T01566,285.35
T01567,362.65000000000003
T01568,91.03
T01569,173.27
T01570,178.72
T01571,329.65
T01572,566.66
T01573,97.27
T01574,462.78
T01575,236.07
T01576,494.12
T01577,144.97
T01578,344.89
T01579,307.71000000000004
T01580,621.89
T01581,644.09
T01582,417.14
T01583,116.28
T01584,151.39
T01585,580.3
T01586,103.89999999999999
T01587,202.88
T01588,99.75
T01589,358.58000000000004
T01590,192.07999999999998
T01591,411.78
T01592,637.44
T01593,232.68
T01594,594.44
T01595,417.04
T01596,307.64
T01597,346.93
T01598,209.96
T01599,127.47
T01600,157.93
T01601,246.92000000000002
T01602,260.28
T01603,57.04
T01604,294.64
T01605,28.48
T01606,636.6800000000001
T01607,701.3
T01608,383.37
T01609,293.28
T01610,241.84
T01611,385.40999999999997
T01612,501.57
T01613,323.89
T01614,227.82
T01615,47.739999999999995
T01616,95.62
T01617,344.73
T01618,430.0
T01619,551.01
T01620,206.67999999999998
T01621,663.26
T01622,612.83
T01623,87.57
T01624,216.58
T01625,524.96
T01626,573.82
T01627,18.85
T01628,224.21
T01629,451.04999999999995
T01630,229.85000000000002
T01631,260.04
T01632,406.05999999999995
T01633,305.78999999999996
T01634,96.03
T01635,11.67
T01636,786.47
T01637,418.24
T01638,134.51
T01639,464.51
T01640,112.61
T01641,584.05
T01642,617.4
T01643,90.44
T01644,582.17
T01645,398.65
T01646,630.64
T01647,659.23
T01648,35.89
T01649,468.65
T01650,134.51
T01651,346.23
T01652,766.54
T01653,195.34
T01654,407.23
T01655,96.03
T01656,132.06
T01657,392.36
T01658,449.44
T01659,349.65000000000003
T01660,403.27
T01661,554.77
T01662,234.43
T01663,640.88
T01664,533.6600000000001
T01665,44.77
T01666,245.46
T01667,655.4200000000001
T01668,134.66
T01669,442.03
T01670,520.37
T01671,404.38
T01672,110.18
T01673,313.24
T01674,135.46
T01675,352.52
T01676,112.51
T01677,633.89
T01678,597.16
T01679,821.6700000000001
T01680,343.51
T01681,850.74
T01682,166.17000000000002
T01683,649.44
T01684,191.33
T01685,253.60000000000002
T01686,208.06
T01687,323.57
T01688,22.35
T01689,198.63
T01690,307.23
T01691,620.62
T01692,135.46
T01693,458.24
T01694,752.38
T01695,162.02
T01696,313.71
T01697,272.20000000000005
T01698,192.2
T01699,332.28000000000003
T01700,773.45
T01701,303.77
T01702,296.95
T01703,526.08
T01704,605.29
T01705,398.18
T01706,272.20000000000005
T01707,292.35
T01708,181.12
T01709,362.8
T01710,465.11
T01711,249.22
T01712,614.31
T01713,635.45
T01714,898.87
T01715,572.53
T01716,692.08
T01717,426.4
T01718,198.93
T01719,370.07000000000005
T01720,371.84999999999997
T01721,301.94
T01722,229.19
T01723,430.74
T01724,290.48
T01725,456.72
T01726,511.45
T01727,364.89
T01728,50.120000000000005
T01729,754.29
T01730,246.66000000000003
T01731,488.74
T01732,383.27000000000004
T01733,829.97
T01734,448.24
T01735,590.11
T01736,130.64
T01737,85.45
T01738,22.35
T01739,88.08
T01740,340.23
T01741,498.20000000000005
T01742,250.99
T01743,260.96
T01744,202.59
T01745,291.65
T01746,265.92
T01747,470.64
T01748,64.7
T01749,288.85
T01750,365.88
T01751,936.74
T01752,82.55
T01753,449.58
T01754,539.01
T01755,183.48
T01756,727.0
T01757,923.99
T01758,84.64
T01759,393.91999999999996
T01760,307.66
T01761,476.14
T01762,504.91
T01763,261.09000000000003
T01764,67.49
T01765,223.81
T01766,153.76
T01767,320.53000000000003
T01768,378.11
T01769,443.72
T01770,838.09
T01771,425.81
T01772,64.91
T01773,295.03
T01774,486.5
T01775,196.6
T01776,518.34
T01777,124.13
T01778,196.06
T01779,830.4300000000001
T01780,174.34
T01781,443.28999999999996
T01782,36.41
T01783,726.27
T01784,748.15
T01785,37.81
T01786,80.66
T01787,137.92000000000002
T01788,463.57
T01789,531.22
T01790,747.29
T01791,629.1700000000001
T01792,561.81
T01793,673.53
T01794,201.0
T01795,599.79
T01796,411.26
T01797,675.5699999999999
T01798,670.68
T01799,294.34000000000003
T01800,298.32000000000005
T01801,68.37
T01802,515.31
T01803,680.56
T01804,889.72
T01805,628.47
T01806,770.29
T01807,845.82
T01808,205.76
T01809,653.0
T01810,211.13
T01811,415.05
T01812,246.56
T01813,538.07
T01814,272.2
T01815,146.3
T01816,347.41
T01817,77.42
T01818,343.59
T01819,347.66
T01820,745.47
T01821,201.07
T01822,135.46
T01823,212.34
T01824,585.4200000000001
T01825,134.19
T01826,184.96
T01827,193.42000000000002
T01828,301.46000000000004
T01829,366.0
T01830,261.21
T01831,352.48
T01832,212.01
T01833,518.3299999999999
T01834,393.03
T01835,92.93
T01836,363.47
T01837,621.5600000000001
T01838,366.61
T01839,363.68
T01840,731.75
T01841,422.58
T01842,27.77
T01843,462.87
T01844,278.84000000000003
T01845,512.0
T01846,846.44
T01847,404.71000000000004
T01848,376.17
T01849,338.87
T01850,446.72
T01851,713.59
T01852,121.31
T01853,778.57
T01854,279.33000000000004
T01855,313.6
T01856,191.33
T01857,227.82
T01858,361.74
T01859,532.87
T01860,217.13
T01861,282.38
T01862,190.51000000000002
T01863,158.39
T01864,305.1
T01865,365.20000000000005
T01866,75.12
T01867,585.53
T01868,203.79
T01869,208.88
T01870,496.87
T01871,261.86
T01872,661.87
T01873,352.29
T01874,392.46000000000004
T01875,461.11
T01876,910.4
T01877,729.23
T01878,472.01
T01879,383.1
T01880,685.5999999999999
T01881,57.69
T01882,216.58
T01883,427.93
T01884,339.54999999999995
T01885,969.1
T01886,412.3
T01887,406.8
T01888,796.89
T01889,108.49
T01890,250.39000000000001
T01891,123.33
T01892,338.11
T01893,167.15
T01894,431.49
T01895,418.49
T01896,78.36
T01897,351.38
T01898,202.54000000000002
T01899,525.62
T01900,383.51
T01901,259.8
T01902,79.54
T01903,274.9
T01904,494.76
T01905,201.97
T01906,128.51
T01907,85.45
T01908,668.46
T01909,76.88
T01910,48.69
T01911,262.95
T01912,157.18
T01913,121.86
T01914,635.46
T01915,432.32000000000005
T01916,510.20000000000005
T01917,448.98
T01918,159.59
T01919,358.83000000000004
T01920,79.54
T01921,108.49
T01922,203.79
T01923,96.78
T01924,501.65
T01925,293.65
T01926,840.09
T01927,89.42
T01928,243.23
T01929,405.33000000000004
T01930,451.12
T01931,611.39
T01932,140.87
T01933,533.74
T01934,415.91
T01935,788.23
T01936,414.52
T01937,329.97
T01938,575.98
T01939,770.3199999999999
T01940,207.76000000000002
T01941,130.64
T01942,640.46
T01943,106.79
T01944,502.98
T01945,109.91999999999999
T01946,140.25
T01947,225.54
T01948,566.69
T01949,641.02
T01950,421.09
T01951,583.84
T01952,139.44
T01953,568.38
T01954,87.57
T01955,581.3
T01956,542.05
T01957,90.68
T01958,43.82
T01959,195.03
T01960,452.11
T01961,411.94
T01962,336.19
T01963,644.4
T01964,528.23
T01965,291.26
T01966,789.28
T01967,447.67
T01968,431.83000000000004
T01969,549.56
T01970,389.53999999999996
T01971,162.74
T01972,63.31
T01973,351.03
T01974,743.75
T01975,132.58
T01976,84.64
T01977,85.45
T01978,216.58
T01979,484.87
T01980,665.9
T01981,291.25
T01982,295.25
T01983,261.09000000000003
T01984,202.89
T01985,668.99
T01986,355.45
T01987,135.46
T01988,339.64
T01989,399.96000000000004
T01990,493.23
T01991,478.45000000000005
T01992,493.28
T01993,77.42
T01994,447.12
T01995,665.59
T01996,467.07
T01997,874.84
T01998,215.55
T01999,642.13
T02000,54.78
T02001,752.86
T02002,37.81
T02003,655.15
T02004,697.25
T02005,313.31
T02006,43.82
T02007,735.57
T02008,394.68
T02009,168.12
T02010,243.23
T02011,236.3
T02012,76.88
T02013,468.07
T02014,323.44
T02015,698.69
T02016,178.72
T02017,309.66
T02018,381.34
T02019,530.4
T02020,123.33
T02021,223.07
T02022,571.35
T02023,189.45000000000002
T02024,310.01
T02025,425.72
T02026,11.67
T02027,640.0
T02028,338.19
T02029,597.15
T02030,246.56
T02031,110.18
T02032,247.60000000000002
T02033,311.08
T02034,220.36
T02035,37.81
T02036,701.04
T02037,280.8
T02038,767.14
T02039,518.24
T02040,614.13
T02041,426.88
T02042,162.02
T02043,645.91
T02044,908.1
T02045,734.1
T02046,423.13
T02047,381.36
T02048,719.24
T02049,262.98
T02050,687.97
T02051,91.03
T02052,80.03
T02053,159.12
T02054,364.61
T02055,470.14
T02056,346.40000000000003
T02057,95.62
T02058,673.63
T02059,179.65
T02060,335.13
T02061,132.58
T02062,429.91
T02063,712.48
T02064,67.49
T02065,274.44000000000005
T02066,43.82
T02067,667.43
T02068,193.94
T02069,327.64
T02070,166.18
T02071,69.83
T02072,491.25
T02073,151.35000000000002
T02074,666.38
T02075,57.69
T02076,735.1
T02077,69.83
T02078,196.77
T02079,353.87
T02080,317.44
T02081,408.46000000000004
T02082,402.93
T02083,427.85
T02084,357.77
T02085,314.34000000000003
T02086,314.92
T02087,412.0
T02088,135.46
T02089,112.61
T02090,430.35
T02091,371.5
T02092,517.31
T02093,352.81
T02094,860.74
T02095,292.12
T02096,159.59
T02097,300.2
T02098,20.85
T02099,462.98
T02100,458.79
T02101,110.18
T02102,688.0
T02103,352.27
T02104,68.09
T02105,110.18
T02106,63.31
T02107,751.38
T02108,648.97
T02109,458.20000000000005
T02110,321.1
T02111,327.4
T02112,600.16
T02113,180.74
T02114,218.9
T02115,529.89
T02116,104.64999999999999
T02117,315.39
T02118,278.59
T02119,543.97
T02120,594.98
T02121,627.6
T02122,253.57999999999998
T02123,240.63
T02124,556.73
T02125,573.38
T02126,276.75
T02127,214.82
T02128,754.56
T02129,319.91
T02130,38.77
T02131,296.57
T02132,544.13
T02133,25.25
T02134,961.9100000000001
T02135,262.83
T02136,352.62
T02137,445.68
T02138,751.6700000000001
T02139,219.15
T02140,314.45000000000005
T02141,530.23
T02142,222.93
T02143,656.74
T02144,563.34
T02145,76.88
T02146,606.29
T02147,677.47
T02148,533.46
T02149,500.42
T02150,640.21
T02151,452.88
T02152,524.5600000000001
T02153,295.03999999999996
T02154,419.20000000000005
T02155,193.02
T02156,693.38
T02157,381.08
T02158,124.15
T02159,549.34
T02160,705.55
T02161,215.89
T02162,219.15
T02163,421.48
T02164,188.45
T02165,921.55
T02166,333.78999999999996
T02167,652.2
T02168,484.14
T02169,262.83
T02170,467.62
T02171,312.03999999999996
T02172,383.95
T02173,227.48000000000002
T02174,361.18
T02175,64.7
T02176,243.92999999999998
T02177,489.54
T02178,214.54000000000002
T02179,535.19
T02180,304.3
T02181,18.85
T02182,867.29
T02183,442.21
T02184,208.9
T02185,633.4300000000001
T02186,152.26999999999998
T02187,429.59000000000003
T02188,194.52
T02189,542.53
T02190,379.90999999999997
T02191,195.1
T02192,256.74
T02193,442.03
T02194,95.62
T02195,438.57
T02196,904.79
T02197,430.1
T02198,357.91
T02199,605.72
T02200,85.45
T02201,458.68
T02202,797.3399999999999
T02203,280.05
T02204,184.96
T02205,192.59
T02206,675.47
T02207,20.85
T02208,613.66
T02209,359.67
T02210,455.14
T02211,403.56
T02212,400.42
T02213,451.02
T02214,383.44
T02215,263.94
T02216,517.13
T02217,446.81
T02218,289.4
T02219,25.25
T02220,466.95000000000005
T02221,455.32000000000005
T02222,725.52
T02223,208.9
T02224,628.96
T02225,458.6
T02226,283.45
T02227,88.08
T02228,36.41
T02229,339.88
T02230,663.4200000000001
T02231,490.06
T02232,384.41
T02233,464.44000000000005
T02234,403.18
T02235,521.1
T02236,362.08
T02237,625.69
T02238,540.61
T02239,88.04
T02240,167.8
T02241,36.41
T02242,176.99
T02243,270.59000000000003
T02244,474.97
T02245,271.13
T02246,123.33
T02247,500.23
T02248,306.49
T02249,639.29
T02250,559.3199999999999
T02251,466.68
T02252,221.73
T02253,460.41
T02254,183.36
T02255,280.75
T02256,36.41
T02257,517.61
T02258,581.6
T02259,430.43
T02260,244.57
T02261,994.64
T02262,411.78
T02263,36.41
T02264,86.32
T02265,666.0
T02266,113.51
T02267,326.26
T02268,128.71
T02269,576.28
T02270,633.5799999999999
T02271,498.31
T02272,331.42
T02273,690.22
T02274,949.2
T02275,166.05
T02276,534.72
T02277,479.73
T02278,192.59
T02279,407.29
T02280,310.51
T02281,540.53
T02282,379.02
T02283,552.19
T02284,76.88
T02285,409.5
T02286,337.32
T02287,214.36
T02288,130.64
T02289,582.58
T02290,388.94
T02291,560.31
T02292,574.3
T02293,202.88
T02294,748.85
T02295,195.33999999999997
T02296,334.41999999999996
T02297,553.87
T02298,583.75
T02299,372.96
T02300,195.34
T02301,27.89
T02302,178.72
T02303,748.45
T02304,132.79000000000002
T02305,557.32
T02306,247.14
T02307,374.12
T02308,545.08
T02309,728.21
T02310,419.55
T02311,384.95000000000005
T02312,136.04
T02313,180.54999999999998
T02314,284.86
T02315,673.5799999999999
T02316,247.99
T02317,141.57999999999998
T02318,398.34
T02319,202.88
T02320,57.69
T02321,156.3
T02322,646.9200000000001
T02323,76.88
T02324,406.81
T02325,756.44
T02326,208.9
T02327,910.46
T02328,35.89
T02329,301.78
T02330,583.38
T02331,289.46000000000004
T02332,149.82
T02333,434.21
T02334,208.9
T02335,156.3
T02336,227.82
T02337,190.7
T02338,455.75
T02339,379.82
T02340,529.11
T02341,54.78
T02342,357.64
T02343,232.54
T02344,307.06
T02345,483.21
T02346,393.32000000000005
T02347,217.62
T02348,326.98
T02349,254.39000000000001
T02350,129.34
T02351,386.15000000000003
T02352,488.92
T02353,513.63
T02354,203.79
T02355,297.51
T02356,285.48
T02357,241.47
T02358,144.71
T02359,283.07
T02360,402.35
T02361,431.95000000000005
T02362,36.41
T02363,77.42
T02364,303.84000000000003
T02365,108.49
T02366,222.93
T02367,493.40999999999997
T02368,458.89
T02369,505.17
T02370,240.99
T02371,302.27
T02372,273.89
T02373,656.19
T02374,22.35
T02375,424.49
T02376,217.82
T02377,243.23
T02378,396.72
T02379,512.97
T02380,569.42
T02381,444.02
T02382,557.08
T02383,536.35
T02384,447.05
T02385,827.3
T02386,679.71
T02387,668.1800000000001
T02388,644.82
T02389,127.47
T02390,225.06
T02391,298.03999999999996
T02392,138.43
T02393,801.48
T02394,163.2
T02395,513.68
T02396,249.66000000000003
T02397,396.01
T02398,353.55
T02399,223.23000000000002
T02400,629.46
T02401,240.99
T02402,460.37
T02403,298.79
T02404,268.26
T02405,655.95
T02406,290.03
T02407,227.98
T02408,374.62
T02409,103.28
T02410,639.9
T02411,663.07
T02412,196.21
T02413,568.86
T02414,240.99
T02415,239.07
T02416,290.87
T02417,242.88
T02418,358.44
T02419,535.3
T02420,376.12
T02421,853.1800000000001
T02422,240.99
T02423,631.55
T02424,299.34
T02425,274.11
T02426,601.61
T02427,365.90999999999997
T02428,186.41
T02429,246.56
T02430,460.45000000000005
T02431,195.1
T02432,128.51
T02433,749.52
T02434,266.8
T02435,543.02
T02436,400.37
T02437,128.51
T02438,869.1800000000001
T02439,11.67
T02440,859.69
T02441,389.85
T02442,665.72
T02443,650.8100000000001
T02444,233.48000000000002
T02445,44.77
T02446,461.95
T02447,839.44
T02448,550.44
T02449,70.43
T02450,385.9
T02451,134.39000000000001
T02452,245.61999999999998
T02453,660.79
T02454,144.38
T02455,86.32
T02456,596.7
T02457,565.27
T02458,64.7
T02459,395.8
T02460,133.36
T02461,490.24
T02462,695.51
T02463,545.0
T02464,261.28999999999996
T02465,881.84
T02466,626.4300000000001
T02467,78.36
T02468,385.36
T02469,16.1
T02470,293.6
T02471,758.75
T02472,683.25
T02473,221.48999999999998
T02474,88.08
T02475,679.2900000000001
T02476,303.63
T02477,703.96
T02478,738.76
T02479,530.0500000000001
T02480,48.08
T02481,502.99
T02482,240.0
T02483,114.25
T02484,422.07
T02485,716.77
T02486,136.38
T02487,805.35
T02488,514.35
T02489,192.17000000000002
T02490,271.37
T02491,218.20999999999998
T02492,244.67000000000002
T02493,222.58999999999997
T02494,298.4
T02495,536.23
T02496,522.39
T02497,417.35
T02498,34.02
T02499,222.76000000000002
T02500,595.99
T02501,673.03
T02502,526.27
T02503,162.02
T02504,762.62
T02505,221.52
T02506,192.59
T02507,609.47
T02508,289.58000000000004
T02509,455.2
T02510,311.97
T02511,373.54999999999995
T02512,295.31
T02513,424.29
T02514,108.49
T02515,144.72
T02516,20.85
T02517,501.81
T02518,998.85
T02519,338.34000000000003
T02520,435.38
T02521,235.06
T02522,64.91
T02523,571.11
T02524,364.6
T02525,488.48
T02526,428.63
T02527,636.79
T02528,28.48
T02529,569.01
T02530,187.63
T02531,580.51
T02532,213.86
T02533,553.14
T02534,67.49
T02535,175.32999999999998
T02536,661.69
T02537,815.87
T02538,298.82
T02539,551.01
T02540,741.5699999999999
T02541,492.18
T02542,332.22
T02543,162.74
T02544,728.8
T02545,390.49
T02546,410.75
T02547,172.07
T02548,140.25
T02549,556.4200000000001
T02550,405.42
T02551,740.79
T02552,271.71
T02553,433.78999999999996
T02554,612.0
T02555,720.31
T02556,635.73
T02557,377.46
T02558,675.4300000000001
T02559,127.47
T02560,95.62
T02561,181.64
T02562,378.31
T02563,86.32
T02564,400.40999999999997
T02565,267.73
T02566,792.0799999999999
T02567,236.3
T02568,248.19
T02569,177.82999999999998
T02570,385.71000000000004
T02571,195.1
T02572,200.82
T02573,371.64
T02574,629.31
T02575,363.2
T02576,590.86
T02577,351.1
T02578,420.59000000000003
T02579,11.67
T02580,313.63
T02581,240.44
T02582,306.73
T02583,78.36
T02584,284.12
T02585,253.54
T02586,654.38
T02587,711.31
T02588,477.52000000000004
T02589,316.34000000000003
T02590,588.49
T02591,650.55
T02592,203.95
T02593,54.78
T02594,582.24
T02595,268.65
T02596,322.57
T02597,449.90999999999997
T02598,275.09000000000003
T02599,70.43
T02600,446.84000000000003
T02601,447.59000000000003
T02602,443.57
T02603,455.97
T02604,382.14
T02605,571.8299999999999
T02606,217.38
T02607,356.86
T02608,146.07
T02609,410.25
T02610,294.74
T02611,11.33
T02612,330.8
T02613,16.1
T02614,605.58
T02615,369.25
T02616,358.85
T02617,442.0
T02618,484.02
T02619,347.66
T02620,488.58
T02621,132.58
T02622,20.85
T02623,922.51
T02624,218.03000000000003
T02625,446.53999999999996
T02626,264.82
T02627,76.88
T02628,398.43
T02629,75.12
T02630,153.72
T02631,720.75
T02632,43.82
T02633,108.49
T02634,380.18
T02635,339.9
T02636,306.69
T02637,162.74
T02638,154.34
T02639,572.59
T02640,275.46
T02641,700.19
T02642,271.28
T02643,345.63
T02644,654.1800000000001
T02645,136.26
T02646,179.65
T02647,370.28000000000003
T02648,599.8
T02649,86.32
T02650,57.69
T02651,91.03
T02652,219.15
T02653,398.28000000000003
T02654,224.21
T02655,447.58000000000004
T02656,422.7
T02657,502.51
T02658,477.41
T02659,36.41
T02660,54.78
T02661,254.08999999999997
T02662,588.12
T02663,874.88
T02664,559.5699999999999
T02665,643.86
T02666,782.7
T02667,16.1
T02668,591.21
T02669,488.03999999999996
T02670,241.75
T02671,205.71
T02672,248.24
T02673,527.8299999999999
T02674,285.86
T02675,185.11
T02676,569.96
T02677,195.34
T02678,642.73
T02679,79.54
T02680,815.38
T02681,492.42999999999995
T02682,218.93
T02683,919.46
T02684,733.0
T02685,360.56
T02686,577.47
T02687,97.27
T02688,127.47
T02689,441.88
T02690,479.45
T02691,418.32000000000005
T02692,518.77
T02693,394.61
T02694,398.98
T02695,396.51
T02696,314.74
T02697,546.9200000000001
T02698,610.1
T02699,211.93
T02700,580.76
T02701,462.32
T02702,203.95
T02703,272.96000000000004
T02704,693.91
T02705,70.43
T02706,162.74
T02707,776.45
T02708,56.1
T02709,28.48
T02710,182.82
T02711,22.35
T02712,410.86
T02713,543.73
T02714,670.99
T02715,610.16
T02716,479.40999999999997
T02717,594.6
T02718,295.59000000000003
T02719,642.73
T02720,464.23
T02721,549.98
T02722,494.08
T02723,662.22
T02724,22.35
T02725,185.11
T02726,355.32
T02727,585.91
T02728,180.16
T02729,302.86
T02730,108.6
T02731,719.6700000000001
T02732,332.03999999999996
T02733,396.36
T02734,556.26
T02735,213.86
T02736,448.81
T02737,530.23
T02738,419.45
T02739,460.34
T02740,652.87
T02741,356.90999999999997
T02742,702.54
T02743,339.84
T02744,132.58
T02745,60.36
T02746,252.12
T02747,627.14
T02748,644.65
T02749,439.45
T02750,555.26
T02751,198.52
T02752,57.04
T02753,584.55
T02754,378.68
T02755,110.18
T02756,616.9300000000001
T02757,533.27
T02758,134.51
T02759,349.2
T02760,586.16
T02761,11.67
T02762,867.56
T02763,123.97
T02764,728.66
T02765,298.56
T02766,678.45
T02767,293.90999999999997
T02768,88.04
T02769,257.89
T02770,640.36
T02771,304.57
T02772,246.85
T02773,441.03999999999996
T02774,497.72
T02775,320.31
T02776,319.31
T02777,773.8
T02778,521.82
T02779,424.66999999999996
T02780,442.1
T02781,336.04
T02782,479.39
T02783,597.98
T02784,265.39
T02785,331.26
T02786,461.84999999999997
T02787,97.27
T02788,685.88
T02789,252.16000000000003
T02790,366.29
T02791,520.0
T02792,858.65
T02793,462.55
T02794,419.13
T02795,297.90999999999997
T02796,526.55
T02797,317.62
T02798,356.04999999999995
T02799,110.18
T02800,326.76
T02801,572.0
T02802,281.9
T02803,546.94
T02804,426.44
T02805,202.53
T02806,156.3
T02807,354.81
T02808,401.9
T02809,632.82
T02810,218.1
T02811,732.4300000000001
T02812,171.35000000000002
T02813,785.84
T02814,248.85999999999999
T02815,381.98
T02816,163.01
T02817,526.8199999999999
T02818,159.59
T02819,572.72
T02820,220.10000000000002
T02821,357.32
T02822,567.66
T02823,36.41
T02824,86.32
T02825,584.91
T02826,67.49
T02827,539.5799999999999
T02828,646.55
T02829,189.79000000000002
T02830,423.7
T02831,95.08
T02832,31.24
T02833,521.03
T02834,227.6
T02835,294.90000000000003
T02836,64.7
T02837,1047.24
T02838,382.6
T02839,420.02
T02840,698.5
T02841,292.01
T02842,327.28
T02843,44.1
T02844,337.99
T02845,315.91999999999996
T02846,444.61
T02847,353.65999999999997
T02848,750.3199999999999
T02849,545.77
T02850,243.23
T02851,319.0
T02852,552.9300000000001
T02853,60.019999999999996
T02854,585.96
T02855,452.05
T02856,490.08
T02857,500.08
T02858,735.02
T02859,487.41
T02860,248.42000000000002
T02861,163.01
T02862,594.59
T02863,495.03999999999996
T02864,113.37
T02865,341.39
T02866,282.04999999999995
T02867,203.79
T02868,786.45
T02869,570.11
T02870,383.08
T02871,156.3
T02872,291.22
T02873,618.6500000000001
T02874,511.17
T02875,535.01
T02876,590.9200000000001
T02877,314.15999999999997
T02878,415.67999999999995
T02879,345.87
T02880,112.51
T02881,511.09000000000003
T02882,177.2
T02883,673.7
T02884,122.39
T02885,246.56
T02886,68.09
T02887,368.22
T02888,300.92
T02889,297.59
T02890,293.92
T02891,401.06
T02892,131.26999999999998
T02893,179.65
T02894,66.59
T02895,69.83
T02896,156.3
T02897,587.45
T02898,156.3
T02899,89.42
T02900,178.72
T02901,410.14
T02902,747.22
T02903,132.06
T02904,194.82
T02905,414.18
T02906,176.72
T02907,611.39
T02908,837.18
T02909,108.24000000000001
T02910,189.39
T02911,605.5699999999999
T02912,508.21999999999997
T02913,582.96
T02914,260.25
T02915,673.29
T02916,654.94
T02917,344.18
T02918,135.46
T02919,227.82
T02920,475.54
T02921,27.89
T02922,523.02
T02923,282.6
T02924,272.96000000000004
T02925,814.48
T02926,426.74
T02927,538.54
T02928,627.5699999999999
T02929,278.71999999999997
T02930,359.02
T02931,563.56
T02932,224.21
T02933,256.94
T02934,395.86
T02935,430.74
T02936,752.0699999999999
T02937,809.99
T02938,283.03
T02939,321.06
T02940,461.37
T02941,612.73
T02942,446.48
T02943,485.76
T02944,340.43
T02945,208.9
T02946,11.67
T02947,77.42
T02948,156.3
T02949,36.41
T02950,727.26
T02951,311.47
T02952,499.36
T02953,84.64
T02954,609.13
T02955,611.15
T02956,27.77
T02957,163.94
T02958,475.68
T02959,348.0
T02960,110.18
T02961,425.72
T02962,463.34000000000003
T02963,215.51
T02964,749.61
T02965,509.6
T02966,77.42
T02967,307.61
T02968,878.6800000000001
T02969,408.24
T02970,43.82
T02971,379.21000000000004
T02972,724.04
T02973,91.03
T02974,232.45000000000002
T02975,457.0
T02976,296.44
T02977,492.65000000000003
T02978,76.88
T02979,408.24
T02980,250.14000000000001
T02981,551.31
T02982,492.17
T02983,776.86
T02984,586.65
T02985,164.45
T02986,246.85
T02987,248.81
T02988,757.3199999999999
T02989,323.45
T02990,397.87
T02991,174.39999999999998
T02992,195.34
T02993,293.43
T02994,669.53
T02995,89.42
T02996,517.64
T02997,37.81
T02998,180.37
T02999,232.57
T03000,529.49
